<?xml version='1.0' encoding="utf-8"?>

<toc version="2.0">
<!-- First tocitem specifies top level in Help browser Contents pane -->
<!-- This can be a roadmap page, as shown below, or a content page -->
    <tocitem target="LMT_product_page.html">Local Model Network
        <!-- Nest tocitems to create hierarchical entries in  Contents-->
        <!-- To include icons, use the following syntax for tocitems: -->
        <!-- <tocitem target="foo.html" image="HelpIcon.NAME"> -->
        <!-- Title-of-Section </tocitem> -->
        <!-- where NAME is one of the following (use capital letters): -->
        <!-- FUNCTION, USER_GUIDE, EXAMPLES, BLOCK, GETTING_STARTED, -->
        <!-- DEMOS, RELEASE_NOTES --> 
        <!-- Icon images used for these entries are also stored in -->
        <!-- matlabroot/toolbox/matlab/icons -->
        <!-- A Getting Started Guide usually comes first -->
     <!-- User Guide comes next -->
        <tocitem target="LMT_user_guide.html" 
            image="HelpIcon.USER_GUIDE">User Guide
        </tocitem>
     <!-- Propertie reference next -->
     <!-- First item is page describing property categories, if any -->
        <tocitem target="LMT_properties_by_cat.html" 
                 image="HelpIcon.FUNCTION">Property Reference
        </tocitem>
     <!-- Function reference next -->
     <!-- First item is page describing function categories, if any -->
        <tocitem target="LMT_functions_by_cat.html" 
                 image="HelpIcon.FUNCTION">Function Reference
        </tocitem>
        <!-- Optional Release Notes file -->
        <tocitem target="LMT_release_notes.html" 
            image="HelpIcon.RELEASE_NOTES">Release Notes
        </tocitem>
        <!-- Optional List of Examples, with hyperlinks to examples in other files -->
        <tocitem target="LMT_demos.html" 
            image="HelpIcon.DEMOS">Demos
        </tocitem>
        <!-- Optional Function Reference by category comes next -->
        <!--tocreference target="helpfuncbycat.xml" 
                      image="HelpIcon.FUNCTION">
        </tocreference>
        
        < Optional link or links to your or other Web sites -->
        <tocitem target="http://www.uni-siegen.de/fb11/mrt/" 
                 image="$toolbox/matlab/icons/webicon.gif">
        Local Model Network Toolbox Homepage
        </tocitem>
    </tocitem>
</toc>